{"cameraMode":{"drawMode":0,"name":"Shaded","section":"Shading Mode"},"sceneLighting":true,"audioPlay":false,"sceneViewState":{"showFog":true,"showMaterialUpdate":false,"showSkybox":true,"showFlares":true,"showImageEffects":true,"showParticleSystems":true},"in2DMode":false,"pivot":{"x":-0.010000228881835938,"y":3.938999652862549,"z":2.819999933242798},"rotation":{"x":0.30227428674697878,"y":0.04915967211127281,"z":-0.015611697919666767,"w":0.9518251419067383},"size":1.40755295753479,"orthographic":false}