{"cameraMode":{"drawMode":0,"name":"Shaded","section":"Shading Mode"},"sceneLighting":true,"audioPlay":false,"sceneViewState":{"showFog":true,"showMaterialUpdate":false,"showSkybox":true,"showFlares":true,"showImageEffects":true,"showParticleSystems":true},"in2DMode":false,"pivot":{"x":-0.17960074543952943,"y":-0.028026312589645387,"z":0.0664297342300415},"rotation":{"x":0.06607842445373535,"y":-0.7106782793998718,"z":0.06735978275537491,"w":0.6971598863601685},"size":0.20887094736099244,"orthographic":false}