{"cameraMode":{"drawMode":0,"name":"Shaded","section":"Shading Mode"},"sceneLighting":true,"audioPlay":false,"sceneViewState":{"showFog":true,"showMaterialUpdate":false,"showSkybox":true,"showFlares":true,"showImageEffects":true,"showParticleSystems":true},"in2DMode":false,"pivot":{"x":0.10853918641805649,"y":0.8554944396018982,"z":-0.06679687649011612},"rotation":{"x":0.2099265605211258,"y":-0.001466565765440464,"z":0.00031489311368204653,"w":0.9777158498764038},"size":0.11226015537977219,"orthographic":true}