{"cameraMode":{"drawMode":0,"name":"Shaded","section":"Shading Mode"},"sceneLighting":true,"audioPlay":false,"sceneViewState":{"showFog":true,"showMaterialUpdate":false,"showSkybox":true,"showFlares":true,"showImageEffects":true,"showParticleSystems":true},"in2DMode":false,"pivot":{"x":-0.023666422814130784,"y":0.7543435096740723,"z":0.14228515326976777},"rotation":{"x":0.01949392259120941,"y":-0.022493822500109674,"z":0.0004386859363876283,"w":0.9995567798614502},"size":0.11009351164102555,"orthographic":true}