{"cameraMode":{"drawMode":0,"name":"Shaded","section":"Shading Mode"},"sceneLighting":true,"audioPlay":false,"sceneViewState":{"showFog":true,"showMaterialUpdate":false,"showSkybox":true,"showFlares":true,"showImageEffects":true,"showParticleSystems":true},"in2DMode":false,"pivot":{"x":-0.09126795828342438,"y":0.835326075553894,"z":-0.0385393388569355},"rotation":{"x":0.06742440909147263,"y":-0.026935748755931855,"z":0.0018217125907540322,"w":0.9973636269569397},"size":0.22511006891727448,"orthographic":true}