{"cameraMode":{"drawMode":0,"name":"Shaded","section":"Shading Mode"},"sceneLighting":true,"audioPlay":false,"sceneViewState":{"showFog":true,"showMaterialUpdate":false,"showSkybox":true,"showFlares":true,"showImageEffects":true,"showParticleSystems":true},"in2DMode":false,"pivot":{"x":-0.0036938232369720937,"y":0.8311323523521423,"z":0.29515570402145388},"rotation":{"x":0.04046269878745079,"y":-0.03596271201968193,"z":0.00145728699862957,"w":0.9985325932502747},"size":0.26271358132362368,"orthographic":true}